<?xml version="1.0" encoding="UTF-8"?>
<document>
    <title>Prueba1</title>
    <text>
        Texto correcto

        Error de ambiguedad

        Texto correcto

        Error de entendimiento

        Error de realismo

        Error de completidad
    </text>
    <defect type="Ambiguity" weight="2">Error de ambiguedad</defect>
    <defect type="Understability" weight="5">Error de entendimiento</defect>
    <defect type="Completeness" weight="3">Error de completidad</defect>    
    <defect type="Realism" weight="7">Error de realismo</defect>    
</document>