<?xml version="1.0" encoding="UTF-8"?>
<document>
    <text>
    El sistema deberá generar un listado indicando los pedidos pendientes de entregar a los clientes
    ⁃ Deben considerarse únicamente los pedidos de las últimas 24 horas
    ⁃ Junto con cada pedido, debe indicarse si el cliente se encuentra a corriente de pagos
    ⁃ El listado es enviado al director financiero
    </text>
    <atribute type="proceso">generar un listado</atribute>
    <atribute type="entidad">director financiero</atribute>
    <atribute type="flujo">pedidos de las últimas 24 horas</atribute>
    <atribute type="flujo">listado</atribute>
    <atribute type="flujo">corriente de pagos</atribute>
    <atribute type="almacen">pedidos</atribute>
    <atribute type="almacen">clientes</atribute>
    <atribute type="relacion">clientes[(clientes)]-->|corriente de pagos|generarunlistado((generar un listado));</atribute>
    <atribute type="relacion">pedidos[(pedidos)]-->|pedidos de las últimas 24 horas|generarunlistado((generar un listado));</atribute>
    <atribute type="relacion">generarunlistado((generar un listado))-->|listado|directorfinanciero[director financiero];</atribute>
</document>
