<?xml version="1.0" encoding="UTF-8"?>
<document>
    <title>Software Requirements Specification: ACME elevator FAMILY model</title>
    <text>
 1. Introduction

1.1. Purpose: 

        This SRS describes the detailed requirements for the FAMILY model of the ACME elevator. This document has been submitted to Configuration Control and assigned 1.0 Version number. It is valid for all purposes, namely: Design, system testing and project management.

1.2. Scope: 

        The FAMILY model is the simplest and cheapest elevator in the product family. This elevator is designed for small family houses (hence the model?s name), which are the most typical family houses in the US. The target customer is a grown-up or handicapped person who cannot use the stairs and needs help to get to the rooms in the upper floor. This elevator complies with all applicable safety regulations, and therefore it is equipped with doors, an internal light, an alarm and an emergency phone system. The alarm and the emergency phone system are independent devices; they have particular hardware and software and therefore they are out of the scope of the current system. 

1.3. Definitions, acronyms, and abbreviations
1.4. References:
1.5. Overview:

2. Overall description

2.1. Product perspective: 

        The FAMILY model is a regular elevator, composed of:
                - Cabin with enough space for 4 regular people or a wheelchair.
                - Internal (within-cabin) control panel. It contains the floor buttons, alarm and emergency phone. 
                - External (wall) control panel. There are panels in the bottom and top floors. They contain the call buttons.
                - Internal light.

2.2. User functions: 

        The only function the user can perform is to move the elevator to the designated floor.

2.3. User characteristics: 

        To ease safety operation, FAMILY models must follow the same conventions than regular elevators. In particular, buttons should be lit when pressed and doors closed during operation. 

2.4. Constraints: 
2.5. Assumptions and dependencies
2.6. Apportioning

3. Specific requirements

3.1. Functional requirements

        3.1.1. When an external call button is pressed, the elevator will move to the floor where the button was pressed.

        3.1.2. When an internal button is pressed, the elevator will move to the corresponding floor.

    </text>
    <defect type="Ambiguity" weight="2">This appliance only performs the basic functions: heating and defrost.</defect>
    <defect type="Completeness" weight="5">ABC model is designed for everyday use by all types of people.</defect>
    <defect type="Realism" weight="6">The system shall heat food according to the food type and weight specified in the user control panel.</defect>
    <defect type="Understability" weight="4">The door is equipped with sensors to detect whether it is open or close.</defect>
</document>